method,scope,total,attempted,resolved,historical_available,owned,candidates,gap
初始商业与技术词,人工关键词首池，非完整词典,137,137,137,64,0,64,补充行业和商业动作词；首池不能代表全部市场
两字母全枚举,a–z 两字母完整空间 676 个,676,676,676,0,0,0,只有这一明确有限空间可评估全量；无记录仍需排除保留名
三至七字母短名,可读拟音、短词、精选组合,630,630,630,65,0,65,三字母全空间17576、四字母456976；目前为精选池
技术与关键词品牌,关键词与已有品牌的首批100个,100,100,100,0,0,0,候选清单范围内核查，继续按行业补词
英语普通词大池,词频词典与旧普通词合并，最长九字母为主要范围,8427,8427,8427,729,0,723,原登记英语词池已全部有结果；不代表全英语词汇或全市场穷尽
英语新增精选补查,504人工语义优选与词频商业优选去重761项,761,761,761,3,0,3,作为英语大池的重点子集；未明确项继续补查
中文短拼音,单拼、双拼553项候选池,553,553,553,166,20,140,不是全拼音排列；优先保留明确中文含义
中文跨点组合,拼音与si组成司、思、寺、丝等115项,115,115,115,19,0,19,检查跨点读法和普通拼音读法，继续补自然表达
西语跨点组合,sí相关58项候选池,58,58,58,23,0,23,有范围的自然短句候选；不是西语完整组合空间
其他语言跨点组合,印尼、斯洛文尼亚、法语等50项,50,50,50,12,0,12,当前印尼语为主，其他语言覆盖较少
已有品牌与产品名,1711项品牌产品及自有项目观察池,1711,1711,1711,692,8,655,已有.com/.ai作为采用信号保留；分别考察独立用途和买家需求
AI英文词与组合,13类别452项，含20个品牌参照词,452,452,452,36,0,36,432个投资候选已取得查询结果；未查5项仅为品牌参照，另保留其余已有参照证据
AI中文词与Agent场景,117项中文角色、能力、商业场景及用户补词,117,117,117,97,31,62,按最新证据持续补查；jiashi暂释、jiasi待明确中文义
欧美人名与昵称,567项；SSA百年男女前100已纳入,567,567,567,29,0,24,本池567项已取得查询结果；欧美人名无统一全集，其他国家官方榜单待扩
自然意象与真实词,鸟类、植物及强候选自然词补查,61,61,61,32,0,29,已建立局部自然词池，未覆盖动物、植物和意象全集
自然组合与可读品牌词,英语组合种子与语言审查池,570,570,570,514,0,512,组合空间无限；需要语言与具体用途筛查，不追求枚举完
其他后缀成交词映射,44条公开成交记录映射到.si标签,44,44,44,0,0,0,仅有有限样本；跨后缀价格不是.si估值或能卖出的证据
自有项目保护,旧品牌池own_project标记,9,9,9,8,6,2,按自有名称保护需求决定；不是转售排序
已有品牌采用优选50,优选100中的50个已有采用名,50,50,50,50,1,37,作为观察子集保留，普通词与专有词分别备注
跨方法优选100,已有报价的100个对照候选,100,100,100,100,6,78,这是筛选结果视图，不是新的全量搜索空间
其他历史候选,前轮保存但尚未关联到新方法的条目,17,17,17,1,0,1,仅作历史保全；待补来源分类
名称用途与买家复筛,867项有命名判断；另纳入150个初选和148个实际查询名,1020,1020,1020,958,14,909,最终50个推荐，前20优先；初选、商业判断和实际查价分别记录，范围仍非全量
币圈术语与本土叙事,243项通用术语、叙事与品牌参照，登记池全部明确,243,243,243,30,0,30,已补查原低分项；243词不代表整个行业，查询分不等于投资推荐
中外公司及品牌扩扫,4634个唯一标签、6508条来源记录；与旧主表重叠1841，净新增2793,4634,4627,4634,2675,10,2619,多个已保存名单的范围内扫描；不代表全部公司、品牌或市场穷尽
后续逐名补查,后续人名、中文候选等逐名补查中原总池没有的条目,10,10,10,1,0,1,新条目仅补入状态，未编造推荐分；继续扩展不代表已穷尽所有词
增量：短域名扩展,归档候选池及后续证据，非全市场穷尽,18679,4235,4235,126,0,123,未做统一投资复评；仅覆盖已登记候选，需按逐名状态及UTC时间复核
增量：国家名称查询,归档候选池及后续证据，非全市场穷尽,228,228,228,6,0,6,未做统一投资复评；仅覆盖已登记候选，需按逐名状态及UTC时间复核
增量：欧美线下品牌扩扫,归档候选池及后续证据，非全市场穷尽,309,309,309,121,0,119,未做统一投资复评；仅覆盖已登记候选，需按逐名状态及UTC时间复核
增量：品牌覆盖复查,归档候选池及后续证据，非全市场穷尽,296,296,296,188,6,142,未做统一投资复评；仅覆盖已登记候选，需按逐名状态及UTC时间复核
增量：常用品牌词扩扫,归档候选池及后续证据，非全市场穷尽,421,421,421,187,16,171,未做统一投资复评；仅覆盖已登记候选，需按逐名状态及UTC时间复核
增量：算力英文词精选,归档候选池及后续证据，非全市场穷尽,118,118,118,11,0,10,未做统一投资复评；仅覆盖已登记候选，需按逐名状态及UTC时间复核
增量：星云国际命名探索,归档候选池及后续证据，非全市场穷尽,92,92,92,63,0,53,未做统一投资复评；仅覆盖已登记候选，需按逐名状态及UTC时间复核
增量：星云国际命名探索 / 双音节人名星辰补查,归档候选池及后续证据，非全市场穷尽,251,251,251,37,0,32,未做统一投资复评；仅覆盖已登记候选，需按逐名状态及UTC时间复核
增量：星云国际命名探索 / Alpha风格补查,归档候选池及后续证据，非全市场穷尽,54,54,54,4,0,4,未做统一投资复评；仅覆盖已登记候选，需按逐名状态及UTC时间复核
增量：品牌实词与三字母,归档候选池及后续证据，非全市场穷尽,130,130,130,35,5,27,未做统一投资复评；仅覆盖已登记候选，需按逐名状态及UTC时间复核
增量：项目英文域名,归档候选池及后续证据，非全市场穷尽,103,103,103,28,1,26,未做统一投资复评；仅覆盖已登记候选，需按逐名状态及UTC时间复核
增量：四项目英文补查,归档候选池及后续证据，非全市场穷尽,28,28,28,18,1,15,未做统一投资复评；仅覆盖已登记候选，需按逐名状态及UTC时间复核
增量：项目补注册建议,归档候选池及后续证据，非全市场穷尽,13,13,13,13,7,4,未做统一投资复评；仅覆盖已登记候选，需按逐名状态及UTC时间复核
增量：人物角色扩池,归档候选池及后续证据，非全市场穷尽,1244,1244,1244,734,5,724,未做统一投资复评；仅覆盖已登记候选，需按逐名状态及UTC时间复核
增量：鸟名扩查,归档候选池及后续证据，非全市场穷尽,281,281,281,126,11,107,未做统一投资复评；仅覆盖已登记候选，需按逐名状态及UTC时间复核
增量：动物名补查,归档候选池及后续证据，非全市场穷尽,249,249,249,47,9,38,未做统一投资复评；仅覆盖已登记候选，需按逐名状态及UTC时间复核
增量：角色名快查,归档候选池及后续证据，非全市场穷尽,143,143,143,73,6,67,未做统一投资复评；仅覆盖已登记候选，需按逐名状态及UTC时间复核
增量：玩偶角色核验,归档候选池及后续证据，非全市场穷尽,32,32,32,27,4,23,未做统一投资复评；仅覆盖已登记候选，需按逐名状态及UTC时间复核
增量：寺庙清单复查,归档候选池及后续证据，非全市场穷尽,40,40,40,32,0,32,未做统一投资复评；仅覆盖已登记候选，需按逐名状态及UTC时间复核
增量：短歌名筛选,归档候选池及后续证据，非全市场穷尽,80,80,80,32,2,30,未做统一投资复评；仅覆盖已登记候选，需按逐名状态及UTC时间复核
增量：遇见童话跨后缀核验,归档候选池及后续证据，非全市场穷尽,2,2,2,2,2,0,未做统一投资复评；仅覆盖已登记候选，需按逐名状态及UTC时间复核
增量：Web3与AI词根筛选,归档候选池及后续证据，非全市场穷尽,79,79,79,27,0,27,未做统一投资复评；仅覆盖已登记候选，需按逐名状态及UTC时间复核
增量：汽车拼音三词商业复核,归档候选池及后续证据，非全市场穷尽,3,3,3,3,3,0,未做统一投资复评；仅覆盖已登记候选，需按逐名状态及UTC时间复核
增量：跨点SI组合命名,归档候选池及后续证据，非全市场穷尽,57,48,48,1,0,1,未做统一投资复评；仅覆盖已登记候选，需按逐名状态及UTC时间复核
增量：儿童与宠物昵称,已归档昵称或电商词查询池及重点注册商复核；不是完整词典,87,87,87,59,4,54,未做统一投资复评，候选空分置后；购买前按逐名来源与UTC时间重新核验
增量：电商与Agent命名,已归档昵称或电商词查询池及重点注册商复核；不是完整词典,273,273,273,185,9,174,未做统一投资复评，候选空分置后；购买前按逐名来源与UTC时间重新核验
增量：商城与店铺招牌,已归档昵称或电商词查询池及重点注册商复核；不是完整词典,36,36,36,21,2,19,未做统一投资复评，候选空分置后；购买前按逐名来源与UTC时间重新核验
