domain,meaning,ownership_evidence
shequ.si,社区,用户最新账户导出显示ACT（2026-10-04核对）
meishi.si,美食,用户最新账户导出显示ACT（2026-10-04核对）
fenshen.si,分身,用户最新账户导出显示ACT（2026-10-04核对）
huiyi.si,会议,用户最新账户导出显示ACT（2026-10-04核对）
shengyi.si,生意,用户最新账户导出显示ACT（2026-10-04核对）
haian.si,海岸,用户最新账户导出显示ACT（2026-10-04核对）
meizu.si,魅族，同名品牌词,用户最新账户导出显示ACT（2026-10-04核对）
setapp.si,Setapp，同名应用服务,用户最新账户导出显示ACT（2026-10-04核对）
anytype.si,Anytype，同名笔记产品,用户最新账户导出显示ACT（2026-10-04核对）
todoist.si,Todoist，同名任务管理产品,用户最新账户导出显示ACT（2026-10-04核对）
peilian.si,陪练,用户最新账户导出显示ACT（2026-10-04核对）
peiyin.si,配音,用户最新账户导出显示ACT（2026-10-04核对）
jianzhan.si,建站,用户最新账户导出显示ACT（2026-10-04核对）
hufu.si,护肤,用户最新账户导出显示ACT（2026-10-04核对）
jizhang.si,记账,用户最新账户导出显示ACT（2026-10-04核对）
xuanpin.si,选品,用户最新账户导出显示ACT（2026-10-04核对）
haibao.si,海报,用户最新账户导出显示ACT（2026-10-04核对）
riji.si,日记,用户最新账户导出显示ACT（2026-10-04核对）
manju.si,漫剧,用户最新账户导出显示ACT（2026-10-04核对）
xiaoshou.si,销售,用户最新账户导出显示ACT（2026-10-04核对）
minsu.si,民宿,用户最新账户导出显示ACT（2026-10-04核对）
guanjia.si,管家,用户最新账户导出显示ACT（2026-10-04核对）
shuo.si,说,用户最新账户导出显示ACT（2026-10-04核对）
xiezuo.si,协作／写作,用户最新账户导出显示ACT（2026-10-04核对）
daima.si,代码,用户最新账户导出显示ACT（2026-10-04核对）
wenda.si,问答,用户最新账户导出显示ACT（2026-10-04核对）
yuedu.si,阅读,用户最新账户导出显示ACT（2026-10-04核对）
peiban.si,陪伴,用户最新账户导出显示ACT（2026-10-04核对）
chaye.si,茶叶,用户最新账户导出显示ACT（2026-10-04核对）
huiben.si,绘本,用户最新账户导出显示ACT（2026-10-04核对）
canmou.si,参谋,用户最新账户导出显示ACT（2026-10-04核对）
huoban.si,伙伴,用户最新账户导出显示ACT（2026-10-04核对）
zhaopin.si,招聘,用户最新账户导出显示ACT（2026-10-04核对）
seabird.si,海鸟,用户最新账户导出显示ACT（2026-10-04核对）
jianji.si,剪辑,用户最新账户导出显示ACT（2026-10-04核对）
kefu.si,客服,用户最新账户导出显示ACT（2026-10-04核对）
wenan.si,文案,用户最新账户导出显示ACT（2026-10-04核对）
huoke.si,获客,用户最新账户导出显示ACT（2026-10-04核对）
beike.si,备课,用户最新账户导出显示ACT（2026-10-04核对）
pingce.si,评测,用户最新账户导出显示ACT（2026-10-04核对）
siyu.si,私域,用户最新账户导出显示ACT（2026-10-04核对）
guwen.si,顾问,用户最新账户导出显示ACT（2026-10-04核对）
daogou.si,导购,用户最新账户导出显示ACT（2026-10-04核对）
mianshi.si,面试,用户最新账户导出显示ACT（2026-10-04核对）
yunying.si,运营,用户最新账户导出显示ACT（2026-10-04核对）
biji.si,笔记,用户最新账户导出显示ACT（2026-10-04核对）
baiji.si,百吉,用户最新账户导出显示ACT（2026-10-04核对）
xinghe.si,星河,用户最新账户导出显示ACT（2026-10-04核对）
biogeek.si,BIOGEEK，百吉现行英文品牌,用户最新账户导出显示ACT（2026-10-04核对）
xingyun.si,星云,用户最新账户导出显示ACT（2026-10-04核对）
zhushou.si,助手,用户最新账户导出显示ACT（2026-10-04核对）
shishu.si,史书,用户最新账户导出显示ACT（2026-10-04核对）
xingguang.si,星光,用户最新账户导出显示ACT（2026-10-04核对）
fuwu.si,服务,用户最新账户导出显示ACT（2026-10-04核对）
licai.si,理财,用户最新账户导出显示ACT（2026-10-04核对）
touzi.si,投资,用户最新账户导出显示ACT（2026-10-04核对）
yuyin.si,语音,用户最新账户导出显示ACT（2026-10-04核对）
lanhu.si,蓝湖，同名产品词,用户最新账户导出显示ACT（2026-10-04核对）
yuque.si,语雀，同名产品词,用户最新账户导出显示ACT（2026-10-04核对）
bailu.si,白鹭／白露,用户最新账户导出显示ACT（2026-10-04核对）
yunque.si,云雀,用户最新账户导出显示ACT（2026-10-04核对）
haiou.si,海鸥,用户最新账户导出显示ACT（2026-10-04核对）
xiaolu.si,小鹿,用户最新账户导出显示ACT（2026-10-04核对）
yetu.si,野兔,用户最新账户导出显示ACT（2026-10-04核对）
hetun.si,河豚,用户最新账户导出显示ACT（2026-10-04核对）
tangyuan.si,汤圆,用户最新账户导出显示ACT（2026-10-04核对）
dahuo.si,搭伙,用户最新账户导出显示ACT（2026-10-04核对）
yujian.si,遇见／预见等同音命名,用户最新账户导出显示ACT（2026-10-04核对）
heihei.si,嘿嘿,用户最新账户导出显示ACT（2026-10-04核对）
huanxi.si,欢喜,用户最新账户导出显示ACT（2026-10-04核对）
lanmei.si,蓝莓,用户最新账户导出显示ACT（2026-10-04核对）
taozi.si,桃子,用户最新账户导出显示ACT（2026-10-04核对）
qingmei.si,青梅,用户最新账户导出显示ACT（2026-10-04核对）
douzi.si,豆子,用户最新账户导出显示ACT（2026-10-04核对）
jiegou.si,结构,用户最新账户导出显示ACT（2026-10-04核对）
afei.si,阿飞,用户最新账户导出显示ACT（2026-10-04核对）
wuxian.si,无限／无羡等同音命名,用户最新账户导出显示ACT（2026-10-04核对）
dingdang.si,叮当,用户最新账户导出显示ACT（2026-10-04核对）
totoro.si,龙猫，角色名,用户最新账户导出显示ACT（2026-10-04核对）
yingwu.si,鹦鹉,用户最新账户导出显示ACT（2026-10-04核对）
bage.si,八哥,用户最新账户导出显示ACT（2026-10-04核对）
xique.si,喜鹊,用户最新账户导出显示ACT（2026-10-04核对）
yanzi.si,燕子,用户最新账户导出显示ACT（2026-10-04核对）
honghu.si,鸿鹄,用户最新账户导出显示ACT（2026-10-04核对）
maque.si,麻雀,用户最新账户导出显示ACT（2026-10-04核对）
zhuque.si,朱雀,用户最新账户导出显示ACT（2026-10-04核对）
jingwei.si,经纬,用户最新账户导出显示ACT（2026-10-04核对）
laohu.si,老虎,用户最新账户导出显示ACT（2026-10-04核对）
xiniu.si,犀牛,用户最新账户导出显示ACT（2026-10-04核对）
ciwei.si,刺猬,用户最新账户导出显示ACT（2026-10-04核对）
zhangyu.si,章鱼,用户最新账户导出显示ACT（2026-10-04核对）
shuimu.si,水母,用户最新账户导出显示ACT（2026-10-04核对）
bihu.si,壁虎,用户最新账户导出显示ACT（2026-10-04核对）
bajie.si,八戒,用户最新账户导出显示ACT（2026-10-04核对）
rulai.si,如来,用户最新账户导出显示ACT（2026-10-04核对）
mulan.si,木兰,用户最新账户导出显示ACT（2026-10-04核对）
popeye.si,大力水手，角色名,用户最新账户导出显示ACT（2026-10-04核对）
hirono.si,小野，角色名,用户最新账户导出显示ACT（2026-10-04核对）
linabell.si,玲娜贝儿，角色名,用户最新账户导出显示ACT（2026-10-04核对）
miffy.si,米菲，角色名,用户最新账户导出显示ACT（2026-10-04核对）
ponyo.si,波妞，角色名,用户最新账户导出显示ACT（2026-10-04核对）
tonghua.si,童话,用户最新账户导出显示ACT（2026-10-04核对）
dazhong.si,大众，同名品牌词,用户最新账户导出显示ACT（2026-10-04核对）
benchi.si,奔驰，同名品牌词,用户最新账户导出显示ACT（2026-10-04核对）
baoma.si,宝马，同名品牌词,用户最新账户导出显示ACT（2026-10-04核对）
