label_or_pattern,sold_domain,currency,venue,report_date,evidence_note,source_url,reported_price
icon,Icon.com,USD,ATM Holdings/Hilco Digital/Lumis,2025-04-30,通用意象名词；.com顶级词价格不可迁移至.si,https://www.dnjournal.com/archive/domainsales/2025/2025-top-100-sales-charts.htm,12000000.0
fuse,Fuse.com,USD,ATM Holdings/HilcoDigital/Pollock Fund/QEIP.com,2025-05-28,短动词兼名词；跨领域语义,https://www.dnjournal.com/archive/domainsales/2025/2025-top-100-sales-charts.htm,2129509.0
sword,Sword.com,USD,ATM Holdings/Hilco Digital/Legal Brand Marketing/Brannans,2025-07-09,具体实物词；强视觉形象,https://www.dnjournal.com/archive/domainsales/2025/2025-top-100-sales-charts.htm,1500000.0
slash,Slash.com,USD,Snagged.com,2025-05-28,常见动作词；技术符号联想,https://www.dnjournal.com/archive/domainsales/2025/2025-top-100-sales-charts.htm,1000000.0
spend,Spend.com,USD,DropCatch,2025-02-19,直接商业动作；过期拍卖渠道需单列,https://www.dnjournal.com/archive/domainsales/2025/2025-top-100-sales-charts.htm,802500.0
wisdom,Wisdom.ai,USD,Ammar Kubba/Grit Brokerage,2025-10-22,通用抽象名词；.ai语义溢价,https://www.dnjournal.com/archive/domainsales/2025/2025-top-100-sales-charts.htm,750000.0
cloud,Cloud.ai,USD,DomainBooth/GoDaddy,2025-07-09,技术通用名词；.ai行业语境,https://www.dnjournal.com/archive/domainsales/2025/2025-top-100-sales-charts.htm,600000.0
pack,Pack.com,USD,Sedo,2025-01-22,短动词兼名词；用途可跨物流和软件,https://www.dnjournal.com/archive/domainsales/2025/2025-top-100-sales-charts.htm,600000.0
adapt,Adapt.ai,USD,Private Sale,2025-09-10,通用动作动词；.ai后缀加成,https://www.dnjournal.com/archive/domainsales/2025/2025-top-100-sales-charts.htm,300000.0
rush,Rush.ai,USD,Atom.com,2025-05-14,速度情绪词；.ai后缀加成,https://www.dnjournal.com/archive/domainsales/2025/2025-top-100-sales-charts.htm,300000.0
breeze,Breeze.ai,USD,DomainBooth,2025-05-28,自然词兼轻松感；.ai后缀加成,https://www.dnjournal.com/archive/domainsales/2025/2025-top-100-sales-charts.htm,225000.0
seed,Seed.ai,USD,Atom.com,2025-05-14,植物及初创语义；.ai后缀加成,https://www.dnjournal.com/archive/domainsales/2025/2025-top-100-sales-charts.htm,225000.0
rank,Rank.ai,USD,Namecheap,2025-06-25,明确功能动词；.ai后缀加成,https://www.dnjournal.com/archive/domainsales/2025/2025-top-100-sales-charts.htm,200000.0
zip,Zip.ai,USD,Afternic,2025-04-02,三字母常用动作；也可能有既有品牌关联须另筛,https://www.dnjournal.com/archive/domainsales/2025/2025-top-100-sales-charts.htm,200000.0
export,Export.com,USD,Canavas Media,2025-08-27,明确商业/数据动作,https://www.dnjournal.com/archive/domainsales/2025/2025-top-100-sales-charts.htm,163000.0
beside,Beside.com,USD,Sedo,2025-09-24,普通介词可作陪伴型品牌,https://www.dnjournal.com/archive/domainsales/2025/2025-top-100-sales-charts.htm,150000.0
haggle,Haggle.com,USD,Sedo,2025-08-27,交易谈判动作词,https://www.dnjournal.com/archive/domainsales/2025/2025-top-100-sales-charts.htm,150000.0
diffs,Diffs.com,USD,Sedo,2025-12-10,技术功能复数词；榜单原价GBP 99000,https://www.dnjournal.com/archive/domainsales/2025/2025-top-100-sales-charts.htm,131670.0
territory,Territory.com,USD,Namecheap,2025-08-27,空间概念名词；9字母,https://www.dnjournal.com/archive/domainsales/2025/2025-top-100-sales-charts.htm,125000.0
crossfire,Crossfire.com,USD,Yinan Wang/Afternic,2025-06-25,双词融合成常用词；9字母,https://www.dnjournal.com/archive/domainsales/2025/2025-top-100-sales-charts.htm,125000.0
bind,Bind.ai,USD,Spaceship SellerHub,2025-08-13,明确连接动作；.ai后缀加成,https://www.dnjournal.com/archive/domainsales/2025/2025-top-100-sales-charts.htm,120000.0
demand,Demand.ai,USD,Spaceship SellerHub,2025-08-27,商业需求名词；.ai后缀加成,https://www.dnjournal.com/archive/domainsales/2025/2025-top-100-sales-charts.htm,118000.0
mini,Mini.ai,USD,Sedo,2025-07-09,短尺寸词；榜单原价EUR 100000；.ai后缀加成,https://www.dnjournal.com/archive/domainsales/2025/2025-top-100-sales-charts.htm,117000.0
odds,Odds.ai,USD,Spaceship SellerHub,2025-11-26,概率/博彩名词；.ai后缀加成,https://www.dnjournal.com/archive/domainsales/2025/2025-top-100-sales-charts.htm,110000.0
turtle,Turtle.xyz,USD,Swetha.xyz/Afternic,2025-07-23,动物意象词；.xyz语境,https://www.dnjournal.com/archive/domainsales/2025/2025-top-100-sales-charts.htm,106000.0
forward,Forward.org,USD,LegalBrandMarketing,2025-07-09,方向与进步动词；.org语境,https://www.dnjournal.com/archive/domainsales/2025/2025-top-100-sales-charts.htm,100000.0
altitude,Altitude.xyz,USD,Swetha.xyz/Spaceship,2025-11-12,高度抽象名词；.xyz语境,https://www.dnjournal.com/archive/domainsales/2025/2025-top-100-sales-charts.htm,99888.0
grid,Grid.app,USD,TOP.DOMAINS,2025-09-24,结构/计算词；.app语境,https://www.dnjournal.com/archive/domainsales/2025/2025-top-100-sales-charts.htm,69888.0
begin,Begin.org,USD,Sedo,2025-05-28,基础动作动词；榜单原价EUR 55000,https://www.dnjournal.com/archive/domainsales/2025/2025-top-100-sales-charts.htm,62150.0
surge,Surge.xyz,USD,Swetha.xyz/DomainAgents,2025-11-12,增长/能量动词；.xyz语境,https://www.dnjournal.com/archive/domainsales/2025/2025-top-100-sales-charts.htm,50000.0
fusion,Fusion.org,USD,Namecheap,2025-11-12,结合概念；.org语境,https://www.dnjournal.com/archive/domainsales/2025/2025-top-100-sales-charts.htm,32000.0
own,Own.xyz,USD,Sedo,2025-10-22,所有权动作；.xyz语境,https://www.dnjournal.com/archive/domainsales/2025/2025-top-100-sales-charts.htm,30000.0
society,Society.xyz,USD,Afternic,2025-11-26,群体/社会名词；.xyz语境,https://www.dnjournal.com/archive/domainsales/2025/2025-top-100-sales-charts.htm,29888.0
cypher,Cypher.net,USD,Sedo,2025-07-23,密码学/编码词；拼写变体需审慎,https://www.dnjournal.com/archive/domainsales/2025/2025-top-100-sales-charts.htm,28000.0
model,Model.studio,USD,Sedo,2025-11-12,词与后缀组合成自然用途；非单独model价格,https://www.dnjournal.com/archive/domainsales/2025/2025-top-100-sales-charts.htm,24000.0
backup,Backup.org,USD,Sedo,2025-07-23,明确安全/数据功能词；.org语境,https://www.dnjournal.com/archive/domainsales/2025/2025-top-100-sales-charts.htm,23600.0
flex,Flex.app,USD,Sedo,2025-08-13,灵活动词；.app语境,https://www.dnjournal.com/archive/domainsales/2025/2025-top-100-sales-charts.htm,20000.0
imagine,Imagine.dev,USD,Afternic,2025-08-27,创造动作词；.dev语境,https://www.dnjournal.com/archive/domainsales/2025/2025-top-100-sales-charts.htm,17999.0
timeless,Timeless.app,USD,TOP.DOMAINS,2025-09-24,品质/时间形容词；.app语境,https://www.dnjournal.com/archive/domainsales/2025/2025-top-100-sales-charts.htm,16999.0
trade,Trade.xyz,USD,Sedo,2025-04-02,直接商业动作词；.xyz语境,https://www.dnjournal.com/archive/domainsales/2025/2025-top-100-sales-charts.htm,13000.0
interface,Interface.net,USD,LegalBrandMarketing,2025-04-30,明确技术名词；9字母,https://www.dnjournal.com/archive/domainsales/2025/2025-top-100-sales-charts.htm,12500.0
nucleus,Nucleus.org,USD,Sedo,2025-09-10,核心/科学意象；榜单原价EUR 10000,https://www.dnjournal.com/archive/domainsales/2025/2025-top-100-sales-charts.htm,11700.0
smartchoice,SmartChoice.com,USD,Afternic,2025-08-13,自然双词组合；11字母属组合例外,https://www.dnjournal.com/archive/domainsales/2025/2025-top-100-sales-charts.htm,155000.0
healthstrategy,HealthStrategy.com,USD,QualityNames.com/Afternic,2026-01-07,明确行业+功能双词；榜单于2026-01-07报道,https://www.dnjournal.com/archive/domainsales/2025/2025-top-100-sales-charts.htm,100000.0
